"maquina","diametro"
"a",48.5
"a",48.5
"a",48.5499992370605
"a",48.5800018310547
"a",48.6399993896484
"b",48.6399993896484
"a",48.6500015258789
"a",48.6599998474121
"a",48.7200012207031
"b",48.75
"b",48.7799987792969
"b",48.7900009155273
"b",48.7999992370605
"b",48.8499984741211
"b",49.2000007629395
