"antes","depois"
3.20000004768372,3
3.59999990463257,3.29999995231628
3.40000009536743,3.5
3.79999995231628,3.59999990463257
3.40000009536743,3.40000009536743
3.5,3.29999995231628
3.70000004768372,3.40000009536743
3.20000004768372,3
3.5,3.20000004768372
3.90000009536743,3.59999990463257
